北海道,タイトーイオンモール釧路昭和店,釧路市昭和中央４−１８−１　イオン釧路ショッピングセンター内２Ｆ,1,43.0269855,144.360245
北海道,キャッツアイ新札幌店,札幌市厚別区厚別東五条１丁目２−１０,4,43.04545979906732,141.4751106900742
北海道,キャッツアイ篠路店,札幌市北区篠路一条４丁目６−３０,2,43.1406522,141.3571908
北海道,キャッツアイ手稲店,札幌市手稲区前田三条１０丁目２−２１,2,43.1221882,141.2497931
北海道,キャッツアイ恵庭店,恵庭市住吉町２丁目９−１,2,42.8758823,141.5834901
北海道,キャッツアイ新川店,札幌市北区新川二条７丁目１−７,2,43.1007562,141.3102418
北海道,ビックバン函館,函館市梁川町９−３,2,41.7890391,140.7443834
北海道,ラウンドワン札幌北２１条店,札幌市東区北二十一条東１丁目１番２１号,2,43.0866927,141.3497058
北海道,ラウンドワン旭川店,旭川市永山三条１−４−７,2,43.7866352,142.3972369
北海道,ラウンドワン函館店,函館市西桔梗町８４８−１１,2,41.82459,140.7174504
北海道,ラウンドワン札幌白石本通店,札幌市白石区本通１６丁目北１番５０号,2,43.0369283,141.4328874
北海道,キャッツアイ東苗穂店,札幌市東区東苗穂六条２丁目１−２５,1,43.0923715,141.4069588
北海道,ビッグバン釧路,釧路郡釧路町木場２丁目１番地,2,43.00889543686143,144.40803034669648
北海道,タイトーステーション千歳店,千歳市北栄２−１２−５,1,42.8334338,141.6450008
北海道,プラボ札幌西町店,札幌市西区西町北１３丁目１番,2,43.0833624,141.2838258
北海道,ビックバン滝川,滝川市東町１丁目８−１４,2,43.5544621,141.92495410000004
北海道,ビックバン北見,北見市中央三輪７丁目４４６番地１,2,43.7973448,143.8513467
北海道,ギャラクシーゲート函館,函館市昭和３丁目３１−１２,2,41.8241739,140.73507689999997
北海道,タイトーイオンモール札幌平岡店,札幌市清田区平岡三条５−３−１,1,42.99689739999999,141.45822640000006
北海道,遊ランド　春光店,旭川市春光１条７丁目２番２５号,1,43.798179869827024,142.3740309637626
北海道,遊ランド旭川西御料店,旭川市西御料５条２丁目６４−１９,1,43.723799283794136,142.36888880000004
北海道,ソユーゲームフィールド発寒店,札幌市西区発寒八条１２丁目１−１　イオンモール発寒３Ｆ,1,43.096183634280145,141.27709470000002
北海道,ファンタジープラザ苫小牧,苫小牧市木場町１−６−１　ＭＥＧＡドンキホーテ苫小牧店２Ｆ,1,42.64106270391916,141.59540916679532
北海道,ＭＡＸＩＭ　ＨＥＲＯ,札幌市北区北六条西６丁目　鉄道高架下,2,43.067553611344,141.34634479077
北海道,ソユーゲームフィールド旭川駅前,旭川市宮下通７丁目２番５号　イオンモール旭川駅前　４Ｆ,1,43.764114066374724,142.35694344100034
北海道,ラウンドワン札幌すすきの店,札幌市中央区南五条西三丁目６番地１,2,43.05418085680893,141.35400096924207
北海道,タイトー札幌狸小路２丁目店,札幌市中央区南三条西２丁目　ニコービル,1,43.05732319999999,141.35545358220907
北海道,プラボ小樽店,小樽市築港１１番５号　ウイングベイ小樽　５番街　３階,1,43.18409171828879,141.02234211401674
北海道,ゲームランド新さっぽろ,札幌市厚別区厚別中央二条５丁目　新さっぽろアークシティ　カテプリ新さっぽろ　３階,2,43.03763033761811,141.47312811006464
北海道,ディノスパーク旭川,旭川市大雪通５丁目４９６−５,1,43.779487770474,142.3869424172
北海道,ディノスパーク帯広,帯広市白樺１６条西２丁目　ドリームタウン白樺内,1,42.919521445654,143.17439676337
北海道,ディノスパーク苫小牧,苫小牧市柳町３丁目１番２０号,1,42.65643646124,141.64198437354
青森県,ゲームフェスタミタマ,弘前市駅前町５番地５,2,40.5983865,140.4835492
青森県,ユーズランド下田店,上北郡おいらせ町中野平４０−１　イオンモール下田　１Ｆ,2,40.6020482,141.4181727
青森県,ラウンドワン青森店,青森市浜田３丁目１番１号,2,40.79868580048742,140.74837842142642
青森県,セガ八戸,八戸市城下４−２５−１４,1,40.5199134,141.4983083
青森県,ゲームランドつがる柏店,つがる市柏稲盛幾世４１　イオンモールつがる柏　２階,2,40.80234078909292,140.41688150555728
青森県,タイトーステーション青森アムゼ,青森市緑３丁目９番地の２　サンロード青森　アムゼ内,2,40.8078124,140.7532926
青森県,タイトー青森ガーラモール店,青森市三好２−３−１９　マエダ西バイパス店２Ｆ,1,40.83280205883064,140.70263163558195
青森県,ファンタジードーム八戸,八戸市江陽２−１４−１　ラピア八戸別棟,2,40.5219383,141.5033716
青森県,セガ弘前,弘前市末広１−３−３,1,40.60417151994028,140.4998389337295
青森県,スペースファンタジーインフィニ,弘前市城東北３丁目１０番地１　さくら野百貨店弘前店　４Ｆ,2,40.60669414528209,140.495872871164
青森県,青森メトロポリス,青森市三好１−１５−８,1,40.83487958704565,140.7025136932541
青森県,ＴＦＳ八戸,八戸市三日町２７,1,40.5096926,141.49100214114
岩手県,タイトー盛岡マッハランド店,盛岡市上堂１−２−３８,2,39.723926824979294,141.12709846445273
岩手県,アミューズメントパーク・アルコ,紫波郡矢巾町南矢幅第７地割４２５−３,1,39.611071221937365,141.15267097949982
岩手県,ラウンドワン盛岡店,盛岡市盛岡駅西通２丁目１０−３５,2,39.7003775,141.1331941
岩手県,ＢＩＮＧＯ一関,一関市山目字中野９２−１,2,38.93378481357652,141.1183130792374
岩手県,みらい夢　津志田店,盛岡市津志田南３丁目１５−４５,1,39.6576856,141.1478444
岩手県,ＳＯＹＵ　ＦＧＦ　花巻店,花巻市高木第１６地割６８番地６　銀河モール花巻内,1,39.3864097,141.1359548
岩手県,ゲームランド　サンキング水沢店,奥州市水沢区横町２−１　メイプル４Ｆ,2,39.140761096856,141.1412040576721
岩手県,ゲームランド　サンパルク釜石,釜石市上中島町２丁目７−３６,2,39.26705142791696,141.85365066665645
岩手県,ソユーゲームフィールド盛岡南店,盛岡市本宮７丁目１番１号　イオンモール盛岡南店１Ｆ,1,39.68365273652895,141.1286675364014
岩手県,セガ水沢,奥州市水沢区佐倉河字鐙田４−１,1,39.152661074167526,141.1493587393005
岩手県,サン　シャイン,盛岡市大通２−７−２１,1,39.70322640969087,141.14550646256566
岩手県,ソユーゲームフィールド釜石店,釜石市港町二丁目１番１号　イオンタウン釜石店　３Ｆ,1,39.271614486398505,141.88259043079688
岩手県,さんさんらんど大船渡,大船渡市盛町１０−１１　（協）南三陸ＳＣサンリア　１Ｆ,1,39.087840628838784,141.70922190674594
宮城県,タイトーステーション仙台名掛丁,仙台市青葉区中央１−７−１３,3,38.2620687,140.8790829
宮城県,ゲームコーナー東部,仙台市若林区六丁の目中町２６−６０　斎喜東部ビル,2,38.250969,140.943894
宮城県,タイトー仙台ベガロポリス店,仙台市太白区西多賀５−２４−１　ベガロポリス内,1,38.21983082737217,140.8483119637542
宮城県,タイトー仙台クリスロード店,仙台市青葉区中央２−３−２５,3,38.2609965,140.8756222
宮城県,サードプラネットＢｉＶｉ仙台店,仙台市宮城野区榴岡２丁目１番２５号,1,38.2610717,140.88368530000002
宮城県,プラサカプコン石巻店,石巻市蛇田字新金沼１７０番地　イオン石巻ショッピングセンター２Ｆ,2,38.4475387,141.2648718
宮城県,ラウンドワン仙台苦竹店,仙台市宮城野区苦竹１丁目７番１０号,2,38.26816069010957,140.9173394796927
宮城県,プレイランドエフワンＲ,仙台市青葉区中央２丁目６−６　タベイビル　Ｂ１Ｆ,1,38.2618659,140.8778886
宮城県,ＧＡＭＥ　ＢＡＮＫ　仙台泉店,仙台市泉区大沢２丁目５−４,2,38.3527358,140.8773475
宮城県,アミューズメントパークサムワン,柴田郡村田町沼辺牡丹山４２−１,2,38.0631002,140.7445028
宮城県,セガワールド佐沼,登米市迫町佐沼字中江２−５−８,1,38.69044906443308,141.18913423558195
宮城県,ｎａｍｃｏイオンモール名取店,名取市杜せきのした５丁目３番１号　イオンモール名取　２Ｆ,1,38.16390589248198,140.89525371583863
宮城県,スーパーノバ　イオン仙台中山,仙台市泉区南中山１丁目３５−５７　イオン仙台中山店　別館３階,1,38.29917460991653,140.82870587301636
宮城県,ビーカム松森店,仙台市泉区松森字斉兵衛５８−１,1,38.30451866725,140.90996080675
秋田県,ラウンドワン秋田店,秋田市卸町１丁目１−２,2,39.7020435,140.1092924
秋田県,プラサカプコン大曲店,大仙市和合字坪立１７７　イオン大曲ショッピングセンター２Ｆ,2,39.4399873,140.508414
秋田県,ペニーポット秋田店,秋田市中通２−８−１　フォンテＡＫＩＴＡ　４Ｆ,2,39.71631602250979,140.12760445767208
秋田県,ロックンボウル,秋田市広面字長沼３０１,2,39.71727900539106,140.1434164355819
秋田県,ソユーゲームフィールド御所野店,秋田市御所野地蔵田一丁目１番１号　イオンモール秋田２Ｆ,1,39.66350142956294,140.16068040000005
秋田県,ブルックリン　ストライク,秋田市大町五丁目２−４３,1,39.71475743249374,140.11568354232782
山形県,スーパーノバ天童,天童市南町１丁目５番２６号,1,38.3429386,140.3741282
山形県,ＮＥＸＴ．ＯＮＥ米沢店,米沢市金池５−３−１８,2,37.92248634555718,140.1152425699753
山形県,アピナ鶴岡店,鶴岡市文下広野１−１,2,38.75815777850589,139.8444128036499
山形県,ソユーゲームフィールド三川店,東田川郡三川町大字猪子字和田庫１２８番地１　イオンモール三川１Ｆ,1,38.81590205610188,139.83494979535374
山形県,セガ米沢,米沢市花沢字タナコ原１７７,2,37.910951753109885,140.13368198584442
山形県,セガワールド北山形,山形市北町１−３−２０,2,38.2682196585631,140.331249064418
山形県,ソユーゲームフィールド天童店,天童市芳賀タウン北四丁目１番１号　イオンモール天童　２階,1,38.342536984565676,140.36239226389307
山形県,パルケデアミーゴ！,山形市嶋北１−３−１,2,38.283650724287,140.32167633558
山形県,ビーカム成沢店,山形市成沢西５−３−２７,1,38.208555646259,140.31776569035
福島県,セガ日和田,郡山市日和田町字西中島７−１,1,37.448205,140.380386
福島県,ソユーＥスタジオ須賀川店,須賀川市古河１０５番地　イオンタウン須賀川Ｂ棟内,1,37.29842060000002,140.38530306441805
福島県,スーパーノバ会津インター店,会津若松市町北町上荒久田字宮下１４２,1,37.518314,139.9221706
福島県,ラウンドワン福島店,福島市太田町１４番１８号,1,37.7525148,140.4560216
福島県,ラウンドワン郡山店,郡山市向河原町４−５５,2,37.4023215,140.395636
福島県,タイトー郡山アティ店,郡山市駅前１−１６−７,1,37.3970134,140.3875063
福島県,セガ小名浜,いわき市小名浜林城塚前１８−１,2,36.98592114497743,140.89712659999998
福島県,セガワールド福島,福島市本内中井１−２,1,37.78523079784892,140.4875257288361
福島県,セガワールド白河,白河市新高山１−１　メガステージ白河内,2,37.11930986226939,140.1945010816147
福島県,ゲームスペースＡ−３店,西白河郡西郷村豊作西１５−１６−１７,1,37.124556000000005,140.18260663558203
福島県,ＴＡＣ郡山,郡山市南２−３８　フレスポ郡山内,2,37.36870490000001,140.37217823558194
福島県,ＴＦＳ郡山オリエントパーク店,郡山市安積町荒井字大久保３５−１,1,37.37448898906833,140.34877119325415
福島県,ドリームファクトリーいわき店,いわき市中央台飯野４−１,2,37.013408913184,140.91736094233
茨城県,ユーズランド水戸内原店,水戸市内原２−１　イオンモール水戸内原　２Ｆ,1,36.374397259928955,140.35891224078364
茨城県,ピンクパンサーつくば店,つくば市小野崎１７７−２,2,36.0768813,140.1047153
茨城県,ＡＭジャムジャム神栖店,神栖市神栖１−８−１,2,35.8979951,140.6444094
茨城県,ＡＭジャムジャムひたちなか本店,ひたちなか市田中後４０−２,2,36.3474022,140.5800283
茨城県,ゲームパドック＋１古河店,古河市小堤１９１６番地１,2,36.2067383,139.7578725
茨城県,ＡＭジャムジャムつくば店,つくば市竹園１−９−２　デイズタウンつくばＢ１,2,36.07740820568556,140.11534202883604
茨城県,アミューズ　ビバ,ひたちなか市東大島２−１１−１１,1,36.40635564082148,140.5317338167107
茨城県,ピンクパンサー日立店,日立市東多賀町５−１０−１０,2,36.5482261,140.6304903
茨城県,セガ水戸,水戸市宮町１−７−４４　コムボックス３１０,2,36.3694663,140.4745213
茨城県,セガ石岡,石岡市東大橋中峯１９７６−１,4,36.1986146,140.3033539
茨城県,ゲームパニックつくば,土浦市中村東１−１−１,2,36.04638773735123,140.1682120711639
茨城県,ＦＥＳＴＡ古河店,古河市松並２−１８−１０　マーケットシティ古河内,1,36.20981225042853,139.70964495634462
茨城県,ピンクパンサー那珂店,那珂市菅谷１５９３−８,1,36.42955340944256,140.51587231534427
茨城県,セガワールド龍ヶ崎,龍ケ崎市藤ケ丘４−２−８,1,35.93856920299065,140.19600657301635
茨城県,セガ霞ヶ浦,稲敷市西代１４７３−１,1,35.91834456637213,140.48485040370485
茨城県,ｎａｍｃｏイオンモールつくば店,つくば市稲岡６６−１　イオンモールつくば店内　３Ｆ,1,36.034990375958365,140.13296730000002
茨城県,ピンクパンサーつくばみらい店,つくばみらい市陽光台１−１４−１　ＴＸみらい平駅前ピアシティー内,1,35.995537194374165,140.04071498183134
茨城県,タイトーステーション水戸南店,東茨城郡茨城町長岡３４８０−１０１　イオンタウン水戸南ショッピングセンター,2,36.31082212737478,140.4421857596634
茨城県,タイトーステーション　佐原東店,稲敷市西代１４９５　ショッピングセンターパルナ　２Ｆ,2,35.91861213314091,140.48812769999995
茨城県,セガ水戸南,水戸市千波町２０１７−１,1,36.35032886322335,140.442989445894
茨城県,フリスポ,筑西市神分４７２,1,36.3025284855761,139.95645349814754
茨城県,プレビ　水戸オーパ,水戸市宮町１－７－３３　水戸オーパ７階　アミューズメント,2,36.370143041666,140.4755651
栃木県,ＩＮＴＥＲ　ＰＡＲＫ　＋１,宇都宮市インターパーク６丁目５番地１,4,36.48810867422772,139.90561191534425
栃木県,ラウンドワン宇都宮店,宇都宮市江曽島町２０７２−１,1,36.5406864,139.8868934
栃木県,プラボ宇都宮店,宇都宮市簗瀬町１６０６−１　Ｐ＆Ｄビル２Ｆ,2,36.54400668275123,139.89160658035667
栃木県,セガ小山,小山市東城南１−１−１８,1,36.298963768926555,139.8101705846558
栃木県,セガワールド宇都宮,宇都宮市東宿郷５−１−７,2,36.5583104,139.9088155
栃木県,タイトー宇都宮ベルモール店,宇都宮市陽東６丁目２−１　ベルモール内２Ｆ,2,36.555106,139.9284026
栃木県,ラウンドワン栃木・樋ノ口店,栃木市樋ノ口町５５番地１,1,36.35783536103402,139.75697452883605
栃木県,大田原スポーツランド,那須塩原市一区町１０４−６０,1,36.8518884,139.993381
栃木県,シーサイドリゾートＡＰ,宇都宮市睦町７−３,1,36.5628025,139.8617666
栃木県,セガ今市,日光市芹沼１４４８−１,1,36.741093789395606,139.71016514229314
栃木県,テクモピアインターパーク店,宇都宮市インターパーク６−１−１　ＦＫＤショッピングモールインターパーク２Ｆ,1,36.49046827653441,139.9069012
栃木県,タイトーＦステーション小山店,小山市喜沢１４７５,3,36.33384484291947,139.80651596441805
栃木県,タイトーイオンモール佐野新都市,佐野市高萩町１３２４−１　イオン佐野新都市ショッピングセンター２Ｆ,1,36.299151070150884,139.60625900674586
栃木県,タイトーララスクエア宇都宮店,宇都宮市駅前通り１−４−６,4,36.5604061544289,139.89699998220908
栃木県,ｎａｍｃｏフェドラＰ＆Ｄ佐野店,佐野市高萩町１３４０番地,1,36.297321946969774,139.60564203558192
栃木県,スタジオプリモ宇都宮店,宇都宮市曲師町２−８　宇都宮フェスタ　Ｂ１,1,36.56036430886021,139.88461476441807
栃木県,ｎａｍｃｏロブレ小山店,小山市中央町３−７−１　ロブレ内　４階,2,36.31256266792041,139.80493842883607
栃木県,キラキラＡｓｏｂｏｘ宇都宮店,宇都宮市川田町１００−１　ソーレ２１　２Ｆ,2,36.53584755343197,139.8888157269837
栃木県,ｎａｍｃｏイオン栃木,栃木市箱森町３７−９　イオン栃木内　２Ｆ,1,36.39498760839594,139.72405869325405
栃木県,ＴＦＳ　ＶＡＬ小山店,小山市城山町３丁目３番２２号　小山駅ビル　３Ｆ,2,36.312531726328,139.80579349999994
群馬県,群馬レジャーランド伊勢崎店,伊勢崎市連取町３０６６−１,1,36.318282,139.1723119
群馬県,関東スポーツセンター,館林市近藤町８４０−１,1,36.24129872658777,139.5000789220901
群馬県,アピナ太田店,太田市内ケ島町９０７−１,1,36.2829707,139.3984248
群馬県,群馬レジャーランド高崎駅東口店,高崎市江木町３３３−１　高崎ＥＸビル２Ｆ,1,36.3298475,139.0128537
群馬県,群馬レジャーランド太田店,太田市西矢島町１６２番地２,1,36.2681079,139.3759632
群馬県,群馬レジャーランド藤岡店,藤岡市中２００２−１,1,36.27430298810047,139.07182480000006
群馬県,ユーズランド高崎店,高崎市棟高町１４００番地　イオンモール高崎　２Ｆ,2,36.3914769,139.0062219
群馬県,ゲームパークＭ−１,前橋市国領町２−１３−６,1,36.40526,139.0659245
群馬県,マトリクス前橋,前橋市小相木町５５８−１,1,36.37274478770784,139.05967333690955
群馬県,ユーズランド太田店,太田市石原町８１番地　イオンモール太田２Ｆ,2,36.29405072928515,139.40044254810186
群馬県,インターワールド伊勢崎店,伊勢崎市宮子町３４２５−４,1,36.331512721588986,139.16248986441803
群馬県,ワンダーランド２東店,伊勢崎市東小保方町３４６４−１,1,36.32857541793941,139.24732417175824
埼玉県,埼玉レジャーランド春日部店,春日部市大字増富字谷際１６３−１,1,35.95941191572466,139.72894827364962
埼玉県,ラウンドワンわらび店,蕨市北町５−１−６,1,35.8307831,139.6742333
埼玉県,ラウンドワン朝霞店,朝霞市膝折町２−１６−１０,1,35.7902726,139.5796457
埼玉県,ラウンドワン入間店,入間市小谷田３丁目７−２５,1,35.8279801,139.3760089
埼玉県,ラウンドワンさいたま・栗橋店,久喜市小右衛門１９２−１,1,36.12351397890106,139.71517324447632
埼玉県,プラサカプコン羽生店,羽生市川崎２−２８１−３　イオンモール羽生２Ｆ,1,36.1429044,139.542017
埼玉県,セガ川口,川口市東領家２−２−１０,1,35.794863604668585,139.74752051163944
埼玉県,セガ所沢,所沢市日吉町８−１,2,35.7884621,139.4719101
埼玉県,セガ入間,入間市東藤沢２−１８,1,35.81917170700106,139.4181097521149
埼玉県,ｎａｍｃｏ熊谷店,熊谷市銀座２丁目９７番地　ＣＡＲＰＡ　１階,2,36.1391162,139.3948999
埼玉県,ウェアハウス三橋店,さいたま市西区三橋６−９５５−１,2,35.9158957,139.59574
埼玉県,ラウンドワン草加店,草加市谷塚上町２０４番地１,1,35.8124733,139.7878598
埼玉県,ユーズランド越谷店,越谷市レイクタウン４丁目２番地２　イオンレイクタウンＫＡＺＥ　３Ｆ（Ａ３４２）,2,35.87690913780099,139.82425287724607
埼玉県,タイトーステーション和光店,和光市丸山台１−４−５,2,35.7866796,139.6138092
埼玉県,タイトーステーション所沢店,所沢市日吉町３−７,2,35.7880928,139.4723684
埼玉県,ラウンドワンららぽーと新三郷店,三郷市新三郷ららシティ３丁目１−１　ららぽーと新三郷　２階　２００００番,2,35.859158859012894,139.8666675828033
埼玉県,ラウンドワンさいたま・鴻巣店,鴻巣市箕田３１６３番７,1,36.08062210000001,139.49022067235262
埼玉県,ラウンドワンさいたま・上里店,児玉郡上里町金久保３９４−１,1,36.2600767821861,139.1373798877746
埼玉県,ゲームファクトリーマグマ草加,草加市氷川町２１２５−１,1,35.8282375,139.8025135
埼玉県,ラウンドワン大宮店,さいたま市大宮区宮町４丁目９０番地７,1,35.9108281,139.6254402
埼玉県,テクモピア南越谷店,越谷市南越谷１−１５−１　楽園タウン南越谷店２Ｆ,2,35.875098066159545,139.79319484907376
埼玉県,スピカ大宮南銀店,さいたま市大宮区仲町１−５７,1,35.90520871953789,139.6260079975532
埼玉県,ユーズランド春日部店,春日部市下柳４２０−１　イオンモ−ル春日部２Ｆ,2,35.9877246058199,139.78807313558195
埼玉県,ＡＭフィールド・バイヨン,ふじみ野市うれし野２丁目１６番１号　ＬＣモールうれし野２階,1,35.85613840000002,139.52237910674603
埼玉県,ＦＥＳＴＡ上尾店,上尾市愛宕３丁目１−４０　バリュープラザ上尾愛宕店２Ｆ,2,35.964647109974784,139.59667661150058
埼玉県,楽市楽座イオンモール川口前川店,川口市前川１−１−１１　イオンモール川口前川店　３階,2,35.83347668110147,139.7076872126587
埼玉県,プレイランド菖蒲店,久喜市菖蒲町菖蒲６００５番地１　モラージュ菖蒲３Ｆ,1,36.07520540000001,139.61125367116392
埼玉県,ソユーゲームフィールド川口店,川口市並木元町１番７９号　アリオ川口３Ｆ,1,35.806981854536325,139.71427986441802
埼玉県,タイトーステーション大宮店,さいたま市大宮区大門町１丁目１番地１　ミナトビル１〜３Ｆ,2,35.907441244993535,139.62559337116397
埼玉県,キャロム所沢店,所沢市下安松９６９−１,1,35.79153105404855,139.504159528836
埼玉県,宝島　浦和美園店,さいたま市緑区大門３７１０　イオンモール浦和美園　２Ｆ,2,35.889409410719665,139.73183803016354
埼玉県,アミューズメントベネクス越谷店,越谷市南荻島２７７０−１,1,35.91281599772521,139.77122365767218
埼玉県,ゲームシティプラス川越店,川越市泉町１−１　ウニクス南古谷　シネマ棟　１Ｆ,2,35.90377073091689,139.51520151349177
埼玉県,ソユーゲームフィールド熊谷店,熊谷市銀座二丁目２４５番地　ショッピングセンター　ニットモール　４Ｆ,1,36.13882305803046,139.39376413558193
埼玉県,埼玉レジャーランド川越店,川越市新富町１−１７−４,1,35.914791678361006,139.48334756994063
千葉県,千葉レジャーランド成東店,山武市姫島１１１−１,1,35.588416751163834,140.39021015167236
千葉県,ゲームチャリオット辰巳店,市原市市原５００−１,1,35.52489185727422,140.12191052059325
千葉県,ラッキー中央店フェリシダ,千葉市中央区富士見２−８−１,5,35.6102534,140.1182646
千葉県,プラサカプコン成田店,成田市ウイング土屋２４　イオンモール成田２Ｆ,1,35.79572376531766,140.31801677351075
千葉県,ゲームチャリオット船橋店,船橋市藤原５−６−７　日野ビル２Ｆ,1,35.740142,139.9783307
千葉県,ラウンドワン八千代村上店,八千代市村上南１−５−５４,1,35.7234075,140.117481
千葉県,ゲームチャリオット五井店,市原市五井中央西２−１−２,1,35.513685,140.0898945
千葉県,ラッキー八千代店,八千代市大和田新田１０８８,5,35.72451522177581,140.06735714232786
千葉県,佐原ミナミボウル,香取市佐原イ‐４２００,1,35.90113260316174,140.493510670639
千葉県,ウェアハウス南流山店,流山市南流山４−１６−６,1,35.8402121,139.9050133
千葉県,セガ旭,旭市ニ字野場３１５０−１,1,35.72349195030692,140.63957740187993
千葉県,キャッツアイ八千代店,八千代市吉橋１８５１番地　ｉｓｍ緑が丘内,1,35.733642527104514,140.07253737962344
千葉県,鉄腕２４　稲毛長沼店,千葉市稲毛区長沼原町６９７番,1,35.6619788,140.1265701
千葉県,ラウンドワン市原店,市原市八幡北町三丁目５番１,1,35.54744662161593,140.1233337890244
千葉県,ラウンドワン市川鬼高店,市川市鬼高４丁目１番３号,1,35.71121196972522,139.92744462638927
千葉県,ラッキー西千葉店,千葉市稲毛区弥生町１−１５,2,35.62411974932835,140.10290265083313
千葉県,タイトー旭サンモール店,旭市イ２６７６−１サンモール３Ｆ,2,35.7248795790268,140.65910696983337
千葉県,ゲーム　ゴジラ,柏市柏１−１−１１　ファミリかしわＢ１Ｆ,1,35.8616716,139.9710843
千葉県,ＤＡＩＫＥＩＥＮ,市川市大町３５８,2,35.762420751282704,139.96909083658443
千葉県,セガワールド成田,成田市東町１５７−５,2,35.7791768,140.3232217
千葉県,宝島　新浦安店,浦安市入船１−４−１　イオン新浦安店　４Ｆ,2,35.648981198204446,139.91485438769678
千葉県,ワンダーヴュー成田店,成田市飯仲１１−１８,1,35.75550450976233,140.30251563498769
千葉県,ｎａｍｃｏイオンＭ幕張新都心店,千葉市美浜区豊砂１−１　イオンモール幕張新都心　グランモール３Ｆ,1,35.65513881761082,140.02793402883606
千葉県,プラサカプコンちはら台店,市原市ちはら台西３丁目４番　ショッピングモールｕｎｉｍｏちはら台　２Ｆ,2,35.52697363416036,140.1721195799705
千葉県,セガ幕張,千葉市美浜区ひび野１−８　メッセ・アミューズ・モール１Ｆ,1,35.6496989997839,140.04238700793462
千葉県,セガアリーナ蘇我,千葉市中央区川崎町５１−１　ハーバーシティ蘇我　フェスティバルウォーク　アミューズメント棟１Ｆ,1,35.59221681608014,140.11815136812288
千葉県,タイトーイオン市川妙典店,市川市妙典４−１−１　イオン市川妙典２番街２Ｆ,2,35.69253334323672,139.9266839644181
千葉県,セガ我孫子,我孫子市柴崎字天王台４７−１,1,35.87819289223419,140.03005428158417
千葉県,イスカンダル,木更津市潮見４−１−２,1,35.369727443286884,139.91754366441796
千葉県,アミューズメントエース市川店,市川市市川１−９−１１　サン市川ハイツ,3,35.73043373754478,139.9070709134918
千葉県,ソニックビーム松戸店,松戸市松戸１１７２−１,2,35.78442262760775,139.90205427423973
千葉県,プラサカプコン富津店,富津市青木１丁目５番地１　イオンモール富津内ゲームコーナー,2,35.33047515290805,139.8454410067459
千葉県,ソユーゲームフィールド木更津店,木更津市築地１番４　イオンモール木更津　２Ｆ,1,35.36627003633066,139.90781237503813
千葉県,ＹＡＺワールド野田七光台店,野田市七光台４−２,1,35.98234233141975,139.8501378659928
千葉県,ラッキー佐倉店,佐倉市井野１４７５,1,35.718461610693765,140.136223764418
千葉県,ビバホーム新習志野店２階,習志野市茜浜１−１−２　２Ｆ,4,35.67684991524041,140.00063380000006
千葉県,タイトーステーション船橋店,船橋市本町１−６−１,1,35.69989228909036,139.98597184110452
千葉県,ラウンドワンアリオ柏店,柏市大島田１丁目６番地１　セブンパークアリオ柏　店舗番号１０７０,2,35.83424134702891,140.01361159325415
千葉県,セガイオンモール銚子,銚子市三崎町２−２６６０−１,2,35.71063665577444,140.78809176441803
千葉県,モリシア　アミューズパーク,習志野市谷津１丁目１６−１　モリシア津田沼　２Ｆ,1,35.68985225690999,140.0191513355819
千葉県,ｎａｍｃｏ松戸店,松戸市松戸１２３０−１　ピアザ松戸,2,35.78341715179351,139.90074246441804
千葉県,ゲームランド津田沼店,習志野市津田沼１−２３−１　イオンモール津田沼　２Ｆ,1,35.68996088976049,140.02564803750386
千葉県,ｎａｍｃｏＨＵＭＡＸ成田店,成田市ウイング土屋８０番地　ヒューマックスパビリオン成田内　１Ｆ,1,35.79360539759574,140.3215993
千葉県,アミューズメントエース津田沼,船橋市前原西２−１５−１　ファミービル１Ｆ～３Ｆ,2,35.692259935381,140.0202013914
千葉県,タイトーステーション柏店,柏市柏２−３−１　フーサワビル,3,35.86133240495278,139.97277859999997
千葉県,千葉レジャーランド稲毛店,千葉市稲毛区小仲台２−５−７　海宝ビル　２Ｆ・３Ｆ,2,35.63803449869526,140.09319468650824
東京都,タイトー新宿南口ゲームワールド,新宿区新宿３−３５−８,2,35.6899128,139.7023052
東京都,タイトーステーション新宿東口店,新宿区新宿３−２２−７,2,35.69328169706361,139.7015102791679
東京都,タイトーステーション町田店,町田市原町田６−２１−２３　松山ビル１Ｆ,2,35.5427121,139.4484734
東京都,タイトーＢＩＧＢＯＸ高田馬場店,新宿区高田馬場１ー３５ー３　ＢＩＧ　ＢＯＸ　６Ｆ,2,35.71264545657515,139.704307615757
東京都,タイトーステーション綾瀬店,足立区綾瀬４−９−２９,2,35.7622552,139.8230363
東京都,プレイロットジョイ,武蔵野市吉祥寺本町１−８−２３　河田ビル１Ｆ,2,35.7041973,139.5794984
東京都,タイトーステーション秋葉原店,千代田区外神田４−２−２　貴三ビル,2,35.7002264896311,139.77172762155533
東京都,プラサカプコン吉祥寺店,武蔵野市吉祥寺本町１丁目１０−１　いなりやビルＢ１Ｆ,1,35.705361,139.5790984
東京都,タイトーステーション上野アメ横,台東区上野４−１０−１７,1,35.7104598,139.7744377
東京都,ラウンドワン町田店,町田市森野１丁目１３−１４,2,35.54398384875567,139.44323748350143
東京都,タイトーＦステーション南大沢店,八王子市南大沢２−３　ＦＡＢ南大沢２Ｆ,1,35.614703529286146,139.3802913301289
東京都,ラウンドワン南砂店,江東区南砂六丁目７番１５号　トピレックプラザ　４Ｆ,2,35.671744552611955,139.83704397752376
東京都,ラウンドワン板橋店,板橋区相生町１６−１３,1,35.7766219,139.6786484
東京都,ハイテクランドセガ渋谷,渋谷区渋谷１−１４−１４　ＥＳＴ　１階,1,35.66016459018712,139.70282305218427
東京都,セガ神楽坂,新宿区神楽坂２−１１　第２カグラヒルズ１階,1,35.70105170925563,139.74199809695892
東京都,ゲームプラザセントラル八王子店,八王子市東町１２−１５　第五セントラルビル,1,35.6580355,139.33814
東京都,ＡＳＯ：ＶＩＢＡ！,渋谷区恵比寿１−１０−５　三恵エビスビル２Ｆ,1,35.6467904,139.7109476
東京都,高田馬場ゲーセンミカド,新宿区高田馬場４−５−１０　オアシスプラザビル,1,35.71266505706309,139.7033849358559
東京都,タイトー多摩センター店,多摩市落合１−４５−１,1,35.62329131775984,139.4265566914711
東京都,セガワールド福生,福生市福生１０７６−１,1,35.7446608,139.32426550000002
東京都,ハイテクランド　キューデン,足立区西新井栄町２−７−２,1,35.7771837,139.7893996
東京都,セガ赤羽,北区赤羽１−７−９　赤羽第一葉山ビル　Ｂ１,1,35.778973779645526,139.72230428465582
東京都,エムエムランド,世田谷区北沢２−３−６,1,35.660121804969855,139.66817598220905
東京都,ラウンドワン府中本町駅前店,府中市本町１丁目１３番３号　カネタビル,2,35.6672404,139.4773782
東京都,タイトー　錦糸町楽天地店,墨田区江東橋４−２７−１４,1,35.6964979,139.815807
東京都,ランブルプラザ,豊島区東池袋１−４２−１９,1,35.7324753,139.7135217
東京都,サードプラネット多摩センター店,多摩市落合１−４１−１　マグレブウェスト　１階・２階,1,35.62379324092156,139.42341417999864
東京都,ラウンドワン池袋店,豊島区東池袋１−１４−１　池袋スクエア,2,35.73015133969976,139.71513371415563
東京都,ｎａｍｃｏ王子サンスクエア店,北区王子１−４−１　サンスクエア　２Ｆ,2,35.75292604583323,139.73883016528998
東京都,ハイテクランドセガ立石,葛飾区立石７−２−１,1,35.739002262671924,139.8493658
東京都,タイトーステーション浅草店,台東区浅草１−２７−５,1,35.71269970194659,139.7938582981476
東京都,ゲームズ　ＩＭＯＮ,大田区西蒲田８−２４−１２　ＩＭＯＮボウル１Ｆ　ゲームコーナー,2,35.55987663799397,139.71416772883606
東京都,セガワールド府中,府中市西原町１−６−２府中クレッセ内,1,35.682422029264615,139.46013017909854
東京都,ＹＡＺワールド八王子みなみ野店,八王子市みなみ野１−２−１　アクロスモール３Ｆ,2,35.63062131435438,139.3292746925904
東京都,タイトー　オリナス錦糸町店,墨田区太平４−１−２　オリナスモール　Ｂ１Ｆ,2,35.700733255295,139.81578013558192
東京都,タイトーステーション池袋西口店,豊島区西池袋１−１５−９　第一西池ビル,3,35.730549211328544,139.70974284110457
東京都,ゲームシティ国分寺南店,国分寺市南町２−１７−１　ハタヤ第一ビル　１Ｆ,1,35.700085569060164,139.48370470373538
東京都,タイトーステーション立川北口店,立川市曙町２−４−５　クリサス立川２・３Ｆ,4,35.69912980381615,139.41209579999997
東京都,ラウンドワン吉祥寺店,武蔵野市吉祥寺本町１丁目１１番２２号,2,35.70631733990854,139.58085877731548
東京都,タイトーステーション国分寺店,国分寺市本町３−５−１１　Ｉビルディング,2,35.70186052187309,139.48011327055224
東京都,タイトーＢＩＧＦＵＮ平和島店,大田区平和島１−１−１　ＢＩＧＦＡＮ平和島３Ｆ,2,35.58436926350509,139.7406984981476
東京都,ゲームセンターＷＩＬＬ,立川市羽衣町２−４−１３　長田ビル１０２,1,35.69640454232765,139.42878831165672
東京都,タイトーステーション新宿西口店,新宿区西新宿１−１３−４,3,35.689459823082096,139.69693359999997
東京都,Ｈｅｙ,千代田区外神田１−１０−５　広瀬本社ビル２Ｆ,2,35.6990582,139.7709412
神奈川県,タイトーステーション戸塚西口店,横浜市戸塚区戸塚町４０２３,1,35.3995347,139.5318492
神奈川県,タイトーステーション小田原店,小田原市栄町１−３−１２,2,35.2549374,139.1561373
神奈川県,神奈川レジャーランド厚木店,厚木市戸室５−３１−１,2,35.448110697845976,139.34317022764742
神奈川県,シルクハット川崎ダイス,川崎市川崎区駅前本町８番地　ダイスビル地下２階,1,35.53144805259098,139.700136426281
神奈川県,イミグランデ大和店,大和市鶴間２−１２−２７,1,35.4915058,139.4547664
神奈川県,プラサカプコン横須賀店,横須賀市若松町２丁目３０番地　モアーズシティ４Ｆ,2,35.2783331,139.6700672
神奈川県,ラウンドワン川崎大師店,川崎市川崎区殿町１−５−１,1,35.53794983102669,139.74184530370485
神奈川県,クラブセガ綱島,横浜市港北区綱島西２−６−２９　城田ビル　３Ｆ,1,35.536422426718055,139.63290364970283
神奈川県,ＡＭスポットドリームス,横浜市緑区鴨居３−１−９　スマーイビル１Ｆ,1,35.5099576,139.5690365
神奈川県,ＡＭパーク　ネバーランド２,座間市ひばりが丘４−１１−４８,1,35.4800673733596,139.43216245952453
神奈川県,ラウンドワン高津店,川崎市高津区二子４丁目８番１号,1,35.60282055864456,139.61956653690936
神奈川県,タイトー横浜西口五番街店,横浜市西区南幸１−１２−９,5,35.4647303,139.6195207
神奈川県,タイトー小田原シティーモール店,小田原市前川１２０　小田原シティーモールＣ棟２Ｆ,1,35.281194120041924,139.19448673725117
神奈川県,タイトー海老名ビナウォーク店,海老名市中央１−１８−１　ビナウォーク６番館２階,2,35.45224532015382,139.39557194709778
神奈川県,ムトス相模原店,相模原市中央区中央２−１−５,1,35.57356037138674,139.37105049447746
神奈川県,アミューズメントベネクス川崎店,川崎市川崎区鋼管通４−８−３,1,35.51201050058383,139.7138322797623
神奈川県,ラウンドワン横浜綱島店,横浜市港北区樽町２−６−４０　Ｔ−ＰＬＡＴＺ,1,35.53200805861101,139.637148771164
神奈川県,アピナ橋本店,相模原市緑区西橋本５−１−１　ラ・フローラル駐車場棟１Ｆ,1,35.59738798586528,139.33812022883603
神奈川県,ＹＡＺ平塚店,平塚市田村１丁目４−２６,1,35.365399898250004,139.36059015767205
神奈川県,ラウンドワン横浜戸塚店,横浜市戸塚区影取町１７５９−５,1,35.36421057462661,139.49783518220897
神奈川県,タイトーステーション藤沢店,藤沢市南藤沢２１−１,2,35.3372680247325,139.4873703981649
神奈川県,ラウンドワンららぽーと湘南平塚,平塚市天沼１０−１　ららぽーと湘南平塚店３階　店舗番号３３２８０,1,35.33681157133024,139.3559082251312
神奈川県,タイトーステーション溝の口店,川崎市高津区溝口１−１１−８　ムサシボウビル,4,35.60017342811558,139.612688890213
神奈川県,ラウンドワン横浜駅西口店,横浜市西区南幸２丁目８−１６,2,35.46396963842857,139.6180048226845
山梨県,プラサカプコン甲府店,中巨摩郡昭和町西条字北河原３７１７番地,2,35.64288601169903,138.54625235620574
山梨県,ラウンドワン山梨・石和店,笛吹市石和町広瀬７３７番１,1,35.64351224336662,138.62275508650816
山梨県,プレイタウンパル富士吉田店,富士吉田市新西原４−１５４５−１,2,35.48308716817544,138.779701128836
山梨県,タイトーラザウォーク甲斐双葉店,甲斐市志田字柿木６１６−１,2,35.690957056849655,138.4800937
山梨県,スタジオプリモ甲府店,甲府市丸の内１−１６−２０　ＫｏＫｏｒｉ　２Ｆ,1,35.662800133549936,138.56970971779094
長野県,アピナ松本店,松本市双葉１９−１０,2,36.2105026,137.9615503
長野県,ラウンドワン長野店,長野市東和田８２７番６,2,36.6510589,138.2252561
長野県,アピナ伊那店,伊那市西町５０９３,2,35.83269088733566,137.95037750251618
長野県,セガワールド上田,上田市上田１８４７−１,1,36.41276228295156,138.26196017857364
長野県,アピナ飯田店,飯田市座光寺３７２８−１,1,35.5299673932389,137.85970542536165
長野県,アピナ長野川中島店,長野市川中島町御厨９６７−１,1,36.5979952791136,138.15773842749115
長野県,アピナ佐久インター店,佐久市岩村田北１−１３−１,1,36.284478956380966,138.4823983588608
長野県,アピナ塩尻店,塩尻市広丘野村１７９４−１,1,36.1415524,137.9538308
長野県,セガ松本,松本市渚１−７−１　なぎさライフサイト内,1,36.232561970258594,137.95588956144638
長野県,アピナ上田店,上田市秋和３５９−１,1,36.41598648673937,138.22350279021305
長野県,楽市楽座イオンモール松本店,松本市中央四丁目９番５１号　Ｂ棟２階,2,36.23421634150426,137.97919930398257
長野県,ｎａｍｃｏアルピコプラザ松本,松本市深志１−２−３０　アルピコプラザ内　６Ｆ,1,36.230211128825985,137.9667881104508
新潟県,タイトーＦステーション燕三条店,燕市井土巻３−１５０　イオン県央店　アメニティー棟１階,2,37.65124423605904,138.93495486256563
新潟県,メジャーロード２４,見附市今町４−２０−５６８−１,2,37.54359069321406,138.8918069288361
新潟県,ラウンドワン新潟店,新潟市中央区美咲町２丁目１番３８号,2,37.8880752565753,139.01769843068848
新潟県,アピナ長岡店,長岡市堺東町２２番地,1,37.4578935,138.8131531
新潟県,メジャーゲーム館,新発田市新栄町２−４−６　ジョイタウン新発田,1,37.954414,139.29537690000006
新潟県,メジャーロード白根店,新潟市南区上下諏訪木論地９４７−６,1,37.76060561592344,139.02218175532528
新潟県,メジャーロード黒埼店,新潟市西区山田３３０３,2,37.8682649,139.0173471
新潟県,タイトーイオン新潟西店,新潟市西区小新南２丁目１番１０号,2,37.86808581584023,138.9949157325409
新潟県,ソユーゲームフィールド新発田店,新発田市住吉町五丁目１１番５号　イオンモール新発田　２Ｆ,1,37.94274982207004,139.3095999932541
新潟県,アピナ上越インター店,上越市下門前１６６１,1,37.15427250000001,138.25563157790987
新潟県,タイトーＦステーション上越店,上越市富岡３５２４　Ｊ−ＭＡＸシアター内,2,37.14809806915845,138.2590230601188
新潟県,ビルボードプレイスＧＣ,新潟市中央区八千代二丁目５番７号,3,37.91638039610495,139.05308052883606
新潟県,上越レジャーランボウル,上越市下門前薬島８２７−２,1,37.16404652810105,138.2489885163635
新潟県,ｎａｍｃｏ新潟店,新潟市中央区南笹口１−１−１　ひもろぎビル２階,2,37.90839905995808,139.0639037779099
新潟県,ＡＭパーク宝島十日町店,十日町市丑７３５−１　妻有ショッピングセンター内,1,37.13625004694953,138.7456741398812
富山県,トヤマ　レジャーランド　呉羽店,富山市高木字貝塚２０５４,2,36.7154192246708,137.15800336798407
富山県,ゲームスポット　アップル,魚津市吉島２−４０７−１,1,36.8255538,137.4142283
富山県,アピナ富山豊田店,富山市豊田町２−１２−６６,1,36.7209909,137.2354794
富山県,アピナ富山南店,富山市堀川町３５５−３　マイプラザ内,1,36.664975727177655,137.21731423558197
富山県,ユーズランド高岡店,高岡市下伏間江３８３　イオンモール高岡２Ｆ,1,36.7236221,137.01740029999996
富山県,ユーズランド　となみ店,砺波市中神地区画事業３１街区１　イオンモールとなみ　２Ｆ,1,36.64120991909339,136.946984718277
富山県,タイトーファボーレ婦中店,富山市婦中町下轡田１６５−１　フューチャーシティ　ファボーレ２Ｆ,2,36.663024106256,137.171371564418
富山県,セガイオンモール高岡,高岡市下伏間３８３　イオンモール高岡　西館２Ｆ,1,36.72404730086,137.01684476442
石川県,タイトーステーション金沢店,金沢市片町２−１−７　宇都宮ビル　１Ｆ,2,36.5613365,136.6529997
石川県,レジャーランド藤江新館,金沢市藤江南２−１０５,1,36.5836745,136.6207983
石川県,ラウンドワン金沢店,金沢市横川６丁目１２０−１,2,36.542063,136.6259888
石川県,バイパスレジャーランド宇ノ気店,かほく市森子８５,1,36.709983384905804,136.70653332858888
石川県,アピナ野々市店,野々市市白山町４−１　イオンタウン野々市店内,1,36.52712257499873,136.61249677790988
石川県,金沢メトロポリス,金沢市無量寺４−１２１−１,1,36.6012326645683,136.61412471719666
石川県,楽市楽座イオンモール新小松店,小松市沖周辺土地区画土地区画整理事業地内仮換地２０街区,1,36.3951963052094,136.46780416486513
福井県,ジョイランド大和田店,福井市大和田２丁目１００２番地,2,36.098996793299264,136.2525658932541
福井県,ジョイランド鯖江店,鯖江市宮前１丁目６１４−１,1,35.935834474433236,136.18903442275393
福井県,セガワールド武生,越前市新町３字１３−４,2,35.9051868,136.1534092
福井県,ＪＯＹＬＡＮＤ敦賀店,敦賀市木崎４０−１２,1,35.6447026,136.0432562
福井県,アルプラザボウル鯖江,鯖江市下河端町１６−６−１,2,35.96836226993043,136.18866951586915
福井県,福井レジャーランド板垣店,福井市下馬３−１１２,1,36.04224371486313,136.2337906957398
静岡県,タイトーステーション浜松店,浜松市中区肴町３２２−２０　松竹ビル１Ｆ,2,34.7067599,137.7303674
静岡県,ポート２４　浜松店,浜松市西区坪井町４１８３−１,1,34.6801494887974,137.64432281255722
静岡県,セガ袋井,袋井市川井１１４２−１,1,34.7463375,137.911439
静岡県,セガワールド静岡,静岡市葵区七間町４番地の２　静活プラザビル１、２階,2,34.97408418661106,138.381864290213
静岡県,ラウンドワン浜松店,浜松市東区天王町諏訪１９８１番１７,2,34.73786552443431,137.76413440704346
静岡県,プラサカプコン志都呂店,浜松市西区志都呂町５６０５　イオンモール浜松志都呂３Ｆ,2,34.6968318,137.651097
静岡県,ラウンドワン富士店,富士市八代町４番１５号,2,35.1529523,138.6939238
静岡県,ラウンドワン静岡・駿河店,静岡市駿河区手越７５番地,2,34.9509852876202,138.36051729325413
静岡県,ゲーム　ｉｎ　プリンス,静岡市清水区天神１−２−６,1,35.0241394,138.4797976
静岡県,アップル　グランリバー大井川店,焼津市下江留１３２７番地,1,34.8097161,138.2732717
静岡県,ＡＣＴ　御殿場店,御殿場市東山２９６−１,2,35.29519637018275,138.95299296441806
静岡県,アップル島田店,島田市宝来町８−５,1,34.82659261961766,138.1874108797623
静岡県,ジョイランド　アミューズ諏訪,沼津市大諏訪２０−２,2,35.10849387688002,138.83221909999997
静岡県,沼津バッティングスタジアム,沼津市岡一色三竹道１９−２,1,35.121427007978305,138.87708746204066
静岡県,楽市楽座サンストリート浜北店,浜松市浜北区平口２８６１　サンストリート浜北店２Ｆ,1,34.795496527974876,137.76101804523012
静岡県,カプコンＭＡＲＫ　ＩＳ静岡店,静岡市葵区柚木１９１　ＭＡＲＫ　ＩＳ静岡３Ｆ,1,34.984272209763596,138.40945999999997
静岡県,ジョイランドアミューズみしま店,三島市梅名３０８−６　１Ｆゲームコーナー,2,35.09046538941046,138.92797559325413
静岡県,タイトー新浜松ザザシティ店,浜松市中区鍛冶町１５　ザザシティ西館２Ｆ,1,34.70493272012324,137.72939577116392
静岡県,タイトーＦステーション静岡店,静岡市葵区呉服町二丁目５番地４　ふじみや第２ビル,2,34.97461069127453,138.383356335582
静岡県,サードプラネット島田店,島田市中溝町２５３１番地,1,34.83815761474159,138.16600508836063
静岡県,サードプラネットフレスポ静岡店,静岡市清水区鳥坂８６０番地,1,35.013600322715995,138.4343618558197
静岡県,ＴＦＳイオンモール浜松市野店,浜松市東区天王町１９８１−３,2,34.7403247326976,137.76333984232792
愛知県,名古屋レジャーランド大高店,名古屋市緑区忠治山２０１番地,1,35.0484796,136.9495852
愛知県,Ｍ’Ｓ　ＰＡＲＫ豊田店,豊田市寿町３丁目２１番地、２２番地,1,35.05664864035508,137.14001863306578
愛知県,コムテックプラザ赤池,日進市赤池１の２９０１,1,35.1208415,137.0177559
愛知県,名古屋レジャーランド　内田橋店,名古屋市南区内田橋２−２６−２２,2,35.1137608,136.9098442
愛知県,小牧メトロポリス,小牧市間々１８１番地,1,35.295888473402506,136.90566914047542
愛知県,安城メトロポリス,安城市浜富町６番地８,1,34.95518650634106,137.0973294104508
愛知県,ＷＡＶＥ豊川白鳥店,豊川市白鳥町字京次５５−１,1,34.8247021,137.3409339
愛知県,Ｍ’Ｓ　ＰＡＲＫ刈谷店,刈谷市稲場町３−２０６,1,35.0054807,137.0014037
愛知県,キングジョイ,名古屋市中区栄三丁目３番３２,2,35.16805074161179,136.90493952513123
愛知県,ポート２４八事店,名古屋市昭和区広路町北石坂１０２番地４,1,35.137080588431,136.964142227578
愛知県,ファンタジアン長久手店,長久手市武蔵塚７０５,1,35.1714297,137.04545710000002
愛知県,ラウンドワン半田店,半田市瑞穂町６丁目７番８号,2,34.88534960593338,136.94166053320464
愛知県,楽市街道０２２名古屋店,北名古屋市中之郷神明４５番１,1,35.239849,136.8488049
愛知県,ラウンドワン中川一号線店,名古屋市中川区法蔵町２−２３,1,35.1236443,136.8636045
愛知県,半田メトロポリス,半田市旭町３丁目１１番地１,1,34.874360022885625,136.92291941415556
愛知県,セガ金山,名古屋市熱田区金山１−１９−２,1,35.1426709,136.9021327
愛知県,コムテックタワー,名古屋市中村区名駅４−１０−２０,2,35.1694446,136.8859667
愛知県,オークランドボウル春日井,春日井市鳥居松町３丁目１１番地,1,35.2456833,136.9691128
愛知県,ゲームランド（岡崎）,岡崎市戸崎町字外山３８−５　イオンモール岡崎シネコン２階,2,34.939202393802,137.16307282448
愛知県,タイトーステーション豊橋店,豊橋市藤沢町１４１,1,34.74413132357594,137.37167035463108
愛知県,Ｍ’ｓ　ＰＡＲＫ三郷店　西館,尾張旭市南原山町赤土２０７番地,1,35.2150466,137.0450281
愛知県,豊川メトロポリス,豊川市下長山町上アライ１４番地１,1,34.80253034178801,137.3845662730164
愛知県,Ｌａ・Ｆｉｅｓｔａ,豊橋市広小路一丁目６番地の２　ＦＡＣＥ豊橋　Ｂ１,1,34.7647748,137.3837504
愛知県,キッズインタイトーＧＡＺＡ店,豊田市喜多町１丁目１４０番地ＧＡＺＡ３Ｆ,1,35.0880302,137.1572653
愛知県,ＧＲＥＡ,名古屋市千種区今池５−２２−１７,1,35.1674719,136.9369788
愛知県,ポート２４幸田店,額田郡幸田町高力字沖原１５　カメリアガーデン幸田内,1,34.8902987,137.1631135
愛知県,中川メトロポリス,名古屋市中川区江松３−１１０,1,35.1242519,136.8235538
愛知県,ラウンドワン豊橋店,豊橋市大岩町岩田２７番地２,1,34.7237006,137.4326113
愛知県,セガ春日井,春日井市岩野町４１８０,2,35.26952269629908,136.96050121911844
愛知県,セガ岡崎,岡崎市上地３−５０−４,1,34.91136779708649,137.16931736441802
愛知県,タイトーステーション大須店,名古屋市中区大須３−２０−７,4,35.15966272863501,136.9047460355821
愛知県,楽市楽座イオンモール扶桑店,丹羽郡扶桑町南山名字高塚５番地,2,35.36122429656519,136.89995029049078
愛知県,クラブセガ名古屋伏見,名古屋市中区栄１丁目４−５　ＺＸＡビル　１Ｆ,2,35.167621314746526,136.89577970000005
愛知県,ラウンドワン鳴海店,名古屋市緑区鳴海町字杜若２８番地,1,35.09892104232159,136.95280251114502
愛知県,ゲームファンタジアン岡崎店,岡崎市錦町２番地４,1,34.97376123670632,137.1600518269836
愛知県,タイトーステーション弥富店,弥富市五明１３７１−４,4,35.114412855314605,136.71925957301642
愛知県,タイトーフェドラ大須店,名古屋市中区大須３丁目３０−３１,2,35.15949464290288,136.9054347
岐阜県,岐阜レジャーランド　穂積店,瑞穂市稲里６３０番地,2,35.38432779414623,136.6846648239425
岐阜県,オアシス本店,羽島郡岐南町八剣７−１５,1,35.3901027,136.7844026
岐阜県,Ａ．Ｃ．グランド,岐阜市茜部大川１−７７,1,35.3830948,136.746185
岐阜県,ゲームゾーン各務原店,各務原市鵜沼各務原町５丁目２８６番地１　ペタルビル１Ｆ,1,35.40409361306353,136.91470388650816
岐阜県,ラウンドワンモレラ岐阜店,本巣市三橋１１００,2,35.455163801597045,136.67327663596802
岐阜県,セガワールドアクアウォーク大垣,大垣市林町六丁目８０番２１　アクアウォーク大垣　２Ｆ,1,35.37072733118624,136.61748175767207
岐阜県,オリエンタルバッティング可児店,可児市今渡６９５−１,1,35.42952735783204,137.03902201349183
岐阜県,ゲームハウス　アリババ,大垣市池尻町９４０−１,1,35.384070526450095,136.59562955767205
三重県,四日市アミューズメントパーク,四日市市安島１−３−３１　ララスクエア５Ｆ,2,34.9686061,136.6166547
三重県,ラウンドワン津・高茶屋店,津市高茶屋小森町２７７番地８,1,34.6725262697092,136.5194606781006
三重県,ゲームチャオ松阪,松阪市船江町７８０,1,34.5886531,136.5258425
三重県,ラウンドワンみえ川越ＩＣ店,三重郡川越町南福崎８５１番１,1,35.0228256,136.6834312
三重県,セガ伊勢,伊勢市中須町６６６,1,34.4921874,136.6779997
三重県,アピナ鈴鹿店,鈴鹿市庄野羽山４−２０−１　イオンタウン鈴鹿２階,1,34.8721888,136.52704600000004
三重県,セガワールド久居,津市久居明神町字風早２５３４−１,1,34.68410113248694,136.46683743082735
三重県,セガワールド桑名,桑名市大仲新田宮前１５８番地,1,35.08286842284953,136.6068128724365
三重県,クラブセガアドバンスモール松阪,松阪市田村町２３５−１,1,34.553884120509565,136.51467687528532
三重県,タイトーイオンモール明和店,多気郡明和町中村１２２３　イオンモール明和２Ｆ,1,34.58123558310873,136.61385272023767
三重県,ＹＡＺワールド四日市店,四日市市泊小柳町４−３４,1,34.93933359505939,136.60682916441806
滋賀県,ゲームランド（草津）,草津市新浜町３００番地　イオンモール草津３階,2,34.9977184,135.9173624
滋賀県,ゲームディーノ彦根店,彦根市西沼波町１６６,1,35.258647421359335,136.2654728
滋賀県,セガ甲西,湖南市夏見二ツ橋３５６−１,1,34.99488967760942,136.09720565388943
滋賀県,Ｔ／Ｓ　イオン近江八幡店,近江八幡市鷹飼町南３丁目３−７　イオン近江八幡店内１Ｆ,2,35.121603796622445,136.10320088947356
滋賀県,セガ　エイスクエア草津,草津市西渋川１−２３−２３　Ａ／ＳＱＵＡＲＥ　ＳＡＲＡ南館　２Ｆ,2,35.02452012160891,135.95916062750848
滋賀県,ラウンドワン浜大津アーカス店,大津市浜町２番１号　浜大津アーカス内,1,35.01097023789549,135.8668315
滋賀県,滋賀レジャーランド大津店,大津市におの浜３−１−４３　イオンタウンアヤハプラザ内,1,35.003942288125025,135.88340788220899
京都府,プレイランドキング七条店,京都市下京区七条通鳥丸西入東境町１８７,2,34.9890606,135.7592164
京都府,ラウンドワン京都河原町店,京都市中京区河原町通三条下ル山崎町２５０,2,35.00702610655597,135.76868623495102
京都府,プレイランドキング円町店,京都市中京区西ノ京西円町４０,2,35.01885581777413,135.73110580444336
京都府,ラウンドワン京都伏見店,京都市伏見区下鳥羽平塚町１３１,1,34.9361015,135.7458805
京都府,Ｃｉｅｌ．Ｎｅｔ西院,京都市右京区西院久保田町６−５,1,34.9963309912603,135.7247991220902
京都府,サードプラネットＢ京都二条店,京都市中京区西ノ京栂尾町１−６,2,35.01033668470853,135.741203882209
京都府,パルケ上賀茂,京都市北区上賀茂西河原町１−１,1,35.06680319358574,135.74622510370477
京都府,あそＶＩＶＡ,福知山市字堀小字上高田２１４６−１,1,35.28979077653093,135.13473280865935
京都府,ＧＡＭＥ　ＰＡＮＩＣ京都,京都市中京区桜之町４１５　京都松竹座ビル,1,35.00787557380479,135.76769780244672
大阪府,ラウンドワン堺中央環状店,堺市東区石原町２−２４１,1,34.5569759,135.5365126
大阪府,ソユーゲームフィールド泉南店,泉南市りんくう南浜３番１２　イオンモールりんくう泉南２Ｆ,1,34.380469649884034,135.26743233203888
大阪府,ラウンドワン高槻店,高槻市辻子三丁目６番４号,1,34.8326185,135.6300569
大阪府,ラウンドワン城東放出店,大阪市城東区今福南３−４−３８,1,34.6964966,135.5593162
大阪府,ラウンドワン堺駅前店,堺市堺区戎島町４丁目４４−３,1,34.5834551,135.4684377
大阪府,ラウンドワン守口店,守口市佐太東町２−６−１４　ジャガーグリーン２階,1,34.7560709,135.5885814
大阪府,アテナ日本橋,大阪市浪速区難波中２丁目１−２２,2,34.6630217,135.5049602
大阪府,クラブセガ藤井寺,藤井寺市沢田１−２０−８,2,34.5728248,135.6058477
大阪府,ラウンドワン東淀川店,大阪市東淀川区菅原７−１４−２９,1,34.7427104,135.5252014
大阪府,ｎａｍｃｏ梅田店,大阪市北区小松原町３−３　ＯＳビル２Ｆ　ナムコシティ内,2,34.7027645,135.5004038
大阪府,ラウンドワン東大阪店,東大阪市若江南町１−２−１２,2,34.65308060783481,135.60632639999994
大阪府,タイトーステーション難波店,大阪市中央区難波千日前１５−１２,1,34.6633606,135.503202
大阪府,ラウンドワン岸和田店,岸和田市八阪町２丁目１１番１号,2,34.456574,135.3885054
大阪府,ラウンドワン豊中店,豊中市名神口１丁目１番１号,1,34.7574046,135.4655925
大阪府,タイトーステーション大阪日本橋,大阪市浪速区日本橋４−９−１４,2,34.6603942,135.5060574
大阪府,ラウンドワン千日前店,大阪市中央区難波１丁目３番１号,2,34.667533912054175,135.50278249999997
大阪府,タイトーあべのアポロ店,大阪市阿倍野区阿倍野筋１−５−１　きんえいアポロビル４Ｆ,2,34.6466015,135.5108713
大阪府,セガワールド枚方,枚方市須山町８３−１　サンシャインプラザ枚方内,2,34.81966716291351,135.67556240929264
大阪府,セガ今福,大阪市城東区今福東１−９−３４,2,34.700931010274815,135.55744140000002
大阪府,セガビバモール寝屋川,寝屋川市寝屋南二丁目２２番地２号,2,34.766891363219344,135.65070721349184
大阪府,ラウンドワン泉北店,堺市南区原山台１丁目１４番２号,1,34.48853535697991,135.49614451891023
大阪府,ゲームパニック堺,堺市堺区築港八幡町１番１　堺浜シーサイドステージ内　堺浜えんため館,2,34.5978138828666,135.44726659577032
大阪府,タイトーステーションアリオ八尾,八尾市光町２丁目３番　イトーヨーカドーアリオ八尾３Ｆ,2,34.632834672198115,135.60580810674594
大阪府,ＹＡＺ寝屋川店,寝屋川市石津中町２５−２６,1,34.780272793958666,135.61943629999996
大阪府,ゲームフェイス松原店,松原市大堀１−１−９,1,34.584805334180885,135.57184489510655
大阪府,楽市楽座イオンモール四條畷店,四條畷市砂四丁目３−２　イオンモール四條畷店　３Ｆ,2,34.74585738564173,135.6276552019608
大阪府,ソユーゲームフィールド堺鉄砲町,堺市堺区鉄砲町１番地　イオンモール堺鉄砲町店　３Ｆ,1,34.59465574026229,135.480554180426
大阪府,あうとばぁん,東大阪市小若江３−６−１５,1,34.65172499704192,135.58573691927472
大阪府,タイトーステーション梅三小路店,大阪市北区梅田３−２−１３６　梅三小路内,2,34.70122112051892,135.49412023558193
大阪府,ラウンドワン梅田店,大阪市北区小松原町４番１６号,2,34.70322530366374,135.5009815079693
兵庫県,Ａｍｕｓｅ　Ｓｐａｃｅ　ＭＩＲ,三田市対中町５番２１,1,34.8806357,135.2295503
兵庫県,セガ明石,明石市魚住町清水２４６４−１,1,34.72006024647618,134.89678981537895
兵庫県,ラウンドワン姫路飾磨店,姫路市飾磨区中島１丁目２５４番地,1,34.792331702698704,134.68720187056965
兵庫県,ラウンドワン新開地店,神戸市兵庫区新開地２丁目３番４号　大京聚楽館ビル,1,34.6772146,135.1701496
兵庫県,楽市楽座イオンモール神戸北店,神戸市北区上津台８−１−１イオンモール神戸北店３Ｆ,2,34.86068978776881,135.19424889178777
兵庫県,ｎａｍｃｏ豊岡店,豊岡市中陰町字大工６１７　３Ｆ,1,35.55497318213258,134.81223536441803
兵庫県,セガフェニックスプラザ摩耶,神戸市灘区味泥町６−１　フェニックスプラザ１Ｆ,1,34.7040598202163,135.22803449325409
兵庫県,タイトー尼崎つかしん店,尼崎市塚口本町４−８−１　ＳＣつかしん内東町北館３階,1,34.761888207023254,135.4180431355819
兵庫県,遊スペース　マジカル,神戸市中央区琴ノ緒町５丁目２−３,1,34.695531063379214,135.1950603576721
兵庫県,タイトーＦステーション三宮店,神戸市中央区三宮町２丁目１１−１　センタープラザ西館,1,34.6911721,135.1911997355819
兵庫県,セガつかしん,尼崎市塚口本町４−８−１　つかしん内,1,34.76187498595282,135.4180753220901
兵庫県,ジョイプラザ豊岡店,豊岡市加広町７−３２　コープデイズ豊岡店　２Ｆ,2,35.550845764489914,134.81636398650812
奈良県,ラウンドワン奈良ミ・ナーラ店,奈良市二条大路南１−３−１　ミ・ナーラ５階,1,34.68535671715166,135.80207380600962
奈良県,アミューズメントＣＵＥ奈良三条,奈良市三条町４７８−１,1,34.68178731411873,135.822134917791
奈良県,ＡＭ　ＣＵＥ奈良大和高田店,大和高田市東中２−１１−１６,1,34.49974505320941,135.7355843711639
奈良県,ＡＭパークイオン奈良登美ヶ丘店,生駒市鹿畑町３０２７番地　イオンモール奈良登美ヶ丘店　専門店街３Ｆ,1,34.725276452914,135.7500834619
和歌山県,プレイランドサーカス太田店,和歌山市太田１丁目５−２８,1,34.229933605691215,135.193186764418
和歌山県,ラウンドワン和歌山店,和歌山市小雑賀７３９番地の３,1,34.1984239,135.1858272
和歌山県,タイトーオークワ南紀店,新宮市佐野３−１１−１９,1,33.6741029,135.9710524
和歌山県,キラキラＡｓｏｂｏｘ和歌山,和歌山市土入７３−１,1,34.25244797358757,135.14629653565135
岡山県,アミパラテクノランド店,岡山市北区大和町１丁目７番１２,1,34.679150304728005,133.92737925052643
岡山県,ユーズランド倉敷店,倉敷市水江一番地　イオンモール倉敷２Ｆ,2,34.60340116798476,133.74565636671753
岡山県,ラウンドワン岡山妹尾店,岡山市妹尾３４１３番地１,2,34.6230198,133.8695548
岡山県,ゲームアイビス岡山店,岡山市中区高屋３０８番地１　フレスポ高屋,2,34.67249171179011,133.9668239423279
岡山県,スターダスト,岡山市北区駅前町１−７,2,34.66633604860546,133.92084355456166
岡山県,タイトーマルナカ新倉敷店,倉敷市玉島爪崎９８１−１　マルナカ新倉敷店内,1,34.5620349,133.6854373
岡山県,セガ倉敷,倉敷市西中新田５３５−２,1,34.58390460825159,133.76987308220896
岡山県,セガイオンモール岡山,岡山市北区下石井１−２−１　イオンモール岡山　６Ｆ,2,34.66228777400472,133.917018228836
広島県,タイトーステーション広島紙屋町,広島市中区紙屋町２−２−２１,2,34.3940688,132.4560729
広島県,アルティランド,広島市西区草津南４−７−１　アルパーク北棟２Ｆ,2,34.37538570711132,132.39337847474724
広島県,アミパラここじゃ,東広島市西条町下見６−１０−１９　山手電機内,1,34.40761685094118,132.7155279731079
広島県,ギガゾーン広島駅前店,広島市南区松原町２−２２　５Ｆ,2,34.3963437,132.4765043
広島県,スペースＶ１廿日市,廿日市市本町４−２３,2,34.35179661765255,132.33407973002477
広島県,ラウンドワン福山店,福山市明神町１丁目９番２８号,2,34.48918574306205,133.39250259999994
広島県,タイトーステーション広島本通店,広島市中区本通３−５,2,34.3927634,132.4604614
広島県,シネパーク広店,呉市広中町１−９,1,34.2285551,132.6294083
広島県,ブラックジャック　アクア店,広島市安佐南区大町東四丁目１２番１１号,2,34.46894992604517,132.46247189999997
広島県,ラウンドワン広島店,広島市中区立町３−１１,2,34.39373211268946,132.46014942209013
広島県,ナムコランド広島店,安芸郡府中町大須２−１−１　イオンモール広島府中内　３Ｆ,4,34.3925524467052,132.499763264418
広島県,ビバーチャ,広島市中区南竹屋町１０−１７,2,34.379408659262445,132.4613704030411
広島県,ｎａｍｃｏゆめタウン廿日市店,廿日市市下平良２丁目１３１７番３０　ゆめタウン廿日市店　３Ｆ,1,34.345611140887705,132.33334042209015
広島県,プラサカプコン広島店,広島市佐伯区石内東４丁目外　ジ　アウトレット広島,1,34.408287198311875,132.39625964495235
鳥取県,セガ鳥取,鳥取市安長４１６,1,35.51189003271798,134.21050749999995
鳥取県,セガワールド米子,米子市両三柳２７７８−２,1,35.459790980663314,133.32221299325408
島根県,セガ松江,松江市嫁島町１２−１５,2,35.4501172,133.0478508
島根県,ｙｏｕ　ｍｅ　ＣＩＲＣＵＳ,出雲市大塚町６５０番地１　ゆめタウン出雲　シネマ棟３Ｆ,2,35.37757956074485,132.75617506441802
山口県,タイトーＦステーション山口店,山口市黒川８２−１　ハイパーモールメルクス山口内,1,34.135853764995154,131.43452614545822
山口県,ファミリーゲームフィールド防府,防府市鐘紡町７番地１号　イオンタウン防府１Ｆ,1,34.048228877700254,131.5902560046463
山口県,アミューズメントハウスＫ’ｓ,岩国市麻里布町２丁目５−１７,1,34.1696057,132.2237198
山口県,ラウンドワン下関店,下関市東大和町１丁目３番１５号,2,33.9452455,130.9205276
山口県,ｎａｍｃｏフジグラン宇部店,宇部市明神町３丁目１−１　フジグラン宇部店　２Ｆ,2,33.93060420373821,131.25616059999993
山口県,ゲームスポットＳＰＥＥＤ,周南市大字久米３２１９,1,34.034033277239296,131.8345740687172
山口県,セガ小郡,山口市小郡前田町３−６,1,34.08698205725511,131.3986788932541
徳島県,アポロゲームセンター沖洲店,徳島市南沖洲１丁目９３番地１,1,34.06714171628026,134.58280879133224
徳島県,セガ徳島スエヒロボウル,徳島市南末広町４−９５−２,1,34.060619635237124,134.5726533337296
徳島県,アミューズメントパフェパレパレ,徳島市南田宮２−２−４６,1,34.08615798047732,134.5427351405449
徳島県,ラウンドワン徳島・万代店,徳島市万代町４丁目１９番地の１,1,34.0647986,134.5645096
徳島県,タイトーフジグラン北島店,板野郡北島町鯛浜字西ノ須１７４,3,34.11178788288634,134.54731270000002
香川県,ラウンドワン高松店,高松市松島町２丁目７番４３号,1,34.3389079,134.0670672
香川県,セガ高松,高松市勅使町字山王５３５,1,34.30846433147587,134.01854753494263
香川県,マックスプラザ善通寺,善通寺市中村町１７９８−２　マックスボウル　１Ｆ,2,34.24361813450933,133.76400939814755
香川県,タイトーステーション丸亀店,丸亀市川西町南１２８０番地１　フジグラン丸亀　バッハ棟２Ｆ,1,34.241655234612765,133.83517269999993
愛媛県,グラントシティ　ＩＮＮ　キスケ,松山市宮田町４　キスケＢＯＸ内　１Ｆゲームコーナー,1,33.841297732865286,132.75293712883604
愛媛県,アミパラ松山店,松山市生石町６５５−１,1,33.83380915598649,132.744985264418
愛媛県,タイトーステーション衣山店,松山市衣山１−１８８,1,33.8530024,132.7464214
愛媛県,ソユーフォレストハンター松前店,伊予郡松前町筒井８５０番地　エミフルＭＡＳＡＫＩ　ＡＭ棟１階,1,33.78785988222294,132.71486187036135
愛媛県,セガ松山,松山市枝松５−７−３２,1,33.8282344,132.7864872
愛媛県,駅前スタジアム３,松山市大手町２丁目４−１,2,33.8395736,132.7521903
愛媛県,プラサカプコン新居浜店,新居浜市前田町８−８　イオンモール新居浜２Ｆ,1,33.95370644147562,133.26886997224426
愛媛県,楽市楽座　イオンモール今治店,今治市にぎわい広場１−１,2,34.04434921407048,132.96216522184295
高知県,ラウンドワン高知店,高知市南宝永町４番１２号,2,33.5578857608594,133.55432552023774
福岡県,ｎａｍｃｏ博多バスターミナル店,福岡市博多区博多駅中央街２−１　博多バスターミナル　７Ｆ,4,33.5914604,130.419764
福岡県,ラウンドワン小倉店,北九州市小倉北区西港町１５−６５,1,33.8976269,130.8598666
福岡県,ジーカム和白,福岡市東区和白３丁目２７−６９,1,33.69060396966263,130.43270529374013
福岡県,ラウンドワン大野城店,大野城市御笠川１丁目１８−１６,1,33.5464865,130.4821573
福岡県,ラウンドワン博多半道橋店,福岡市博多区半道橋２丁目２番８号,1,33.5840892,130.4384631
福岡県,ＰＥＰ魚町,北九州市小倉北区魚町２丁目４番２０号,1,33.88389347894192,130.88030281230317
福岡県,楽市楽座行橋店,行橋市西泉６−１−１,2,33.717004338390154,130.97169756889343
福岡県,楽市楽座黒崎店,北九州市八幡西区桜ケ丘町１番３号,2,33.8656842,130.7560629
福岡県,大牟田Ｊ−ＧＡＭＥ,大牟田市旭町３−３−７,1,33.03833920133415,130.45102501468045
福岡県,楽市楽座　くりえいと宗像店,宗像市くりえいと１丁目４−４,1,33.81051574279983,130.56360692209012
福岡県,最後の５ドル,糟屋郡粕屋町仲原２７０６　仲原ファミリープラザ　２階,1,33.6091255,130.4451591
福岡県,ジャンボパンチ希林,飯塚市秋松９４７,1,33.6222872,130.67226110000001
福岡県,トークファイブ直方店,直方市下境８８９−１,1,33.7364237,130.74561489999996
福岡県,大宰府Ｊボウル,太宰府市都府楼南５−６−１２,1,33.50115490579102,130.51364235211486
福岡県,楽市楽座イオンモール福岡伊都店,福岡市西区北原１丁目３番１号　イオンモール福岡伊都店　別館,2,33.577168377283165,130.25634914232785
福岡県,セガアリーナ中間,中間市上蓮花寺３−１−１,1,33.822982169653145,130.72173059325405
福岡県,タイトーリバーウォーク店,北九州市小倉北区室町１−１−１　リバーウォーク北九州４Ｆ　５４０９,1,33.88597067286308,130.87546744232782
福岡県,タイトーＦステーション博多店,福岡市博多区博多駅中央街６−１２　ヨドバシカメラ４Ｆ,2,33.588072775024266,130.42155682883606
福岡県,ｎａｍｃｏゆめタウン博多店,福岡市東区東浜１−１−１　ゆめタウン博多内　２Ｆ,1,33.61143054389813,130.41161399140174
福岡県,タイトーステーションマリノア店,福岡市西区小戸２−２７０４−２　ピアウォークマリノアシティ２Ｆ,1,33.594344752363874,130.32320386522065
福岡県,小倉メトロポリス,北九州市小倉北区西港町２７番地５,1,33.89674998660147,130.85797516560672
福岡県,アミューズメントＭＧＭ,北九州市八幡西区陣原１−２−１２,2,33.867414708467976,130.743994635582
福岡県,タイトーサニーサイドモール小倉,北九州市小倉南区下曽根新町１０−１　サニーサイドモール小倉３Ｆ,1,33.83201825607984,130.93349782883604
福岡県,ラウンドワン福岡天神店,福岡市中央区天神２丁目６−１２,2,33.58938703234549,130.39686308406147
福岡県,タイトーステーション福岡天神店,福岡市中央区天神２−６−３５　サザンクロスビル,2,33.58963210301251,130.39729561779097
佐賀県,ラウンドワン佐賀店,佐賀市兵庫北四丁目２番１号,2,33.27521927915514,130.3010173116395
佐賀県,セガ武雄,武雄市武雄町富岡１２５１７−１,1,33.199371855144925,130.03464878220905
佐賀県,フエゴワールド佐賀,佐賀市巨勢町牛島７３０番地　モラージュ佐賀　２Ｆ,2,33.252319273371505,130.3183692692421
長崎県,三冠王,佐世保市相浦町２６８９−１,1,33.1907637,129.6529102
長崎県,ゲームランド松山,長崎市松山町６−９,1,32.77428003517762,129.86330045735554
長崎県,サンゲームス・佐世保店,佐世保市田原町３８−１,2,33.2085934935037,129.71686388465582
熊本県,スポラ九品寺,熊本市九品寺５丁目１０番１５号,1,32.7904656,130.7148881
熊本県,スポラ菊陽,菊池郡菊陽町津久礼駄飼代２６１７番２,1,32.8644617279264,130.80906774507446
熊本県,リッチモンド,八代市旭中央通２０−３,1,32.5042044,130.6076208
熊本県,アムズ・下通り店,熊本市中央区手取本町４−１２,1,32.802756,130.7091966
熊本県,ラウンドワン熊本店,熊本市西区春日７丁目２５番１５号,1,32.785051169767186,130.67755579948425
熊本県,ｎａｍｃｏＷシティ南熊本店,熊本市中央区九品寺６丁目９−１,2,32.78740053916007,130.71518809999998
熊本県,パスカワールド宇土店,宇土市善道寺町綾織９５番地,1,32.68346935014366,130.66815645453528
大分県,ラウンドワン大分店,大分市萩原２丁目１３−１７,2,33.2489885,131.6401747
大分県,トライセン中津店,中津市大字下池永６７−３,1,33.58967876949732,131.21102839708328
大分県,トライセン萩原店,大分市萩原４丁目２２７−７　ＡＣＳ３Ｆ,1,33.2491385,131.6435689
大分県,ＦＥＳＴＡ佐伯店,佐伯市鶴岡西町２丁目１６３番地　コスモタウン佐伯内,1,32.95977130309039,131.8679586509262
大分県,プラサカプコン大分店,大分市公園通り西２丁目１番　パークプレイス大分２Ｆ,1,33.19518566502036,131.6572261566223
大分県,タイトーアミュプラザおおいた店,大分市要町１−１４　アミュプラザおおいた４Ｆ,1,33.23275902331969,131.60681366759798
大分県,タイトーセントポルタ大分店,大分市中央町２−１−１,2,33.235388247967876,131.606336417791
大分県,ユーズランド三光店,中津市三光佐知１０３２　イオンモ−ル三光　２Ｆ,1,33.55850834057311,131.19326826441807
宮崎県,ラウンドワン宮崎店,宮崎市中村東３丁目４−６０,2,31.8953441,131.4175947
宮崎県,ナムコランド　日向店,日向市日知屋１４７９８−１　ハイパーモールメルクス日向内,1,32.4486757723893,131.64083294232785
鹿児島県,タイトーアミュプラザ鹿児島店,鹿児島市中央町１−１　ＡＭＵプラザ鹿児島内,1,31.5846017,130.5426031
鹿児島県,ラウンドワン鹿児島宇宿店,鹿児島市宇宿二丁目２番２号,2,31.5446922,130.5433129
鹿児島県,サンアミューズ鹿屋,鹿屋市札元２丁目３７９８−１,1,31.3997964,130.872925
鹿児島県,Ｇ−ＳＴＡ,薩摩川内市向田本町４９番,1,31.815730233220346,130.3074407591364
鹿児島県,サードプラネット隼人店,霧島市隼人町見次４２７−１,2,31.742706240127294,130.74001351055904
沖縄県,ラウンドワン宜野湾店,宜野湾市真志喜３丁目２８番８号,2,26.27598890000001,127.7308213
沖縄県,ラウンドワン沖縄・南風原店,島尻郡南風原町兼城下茂原５５２番地,2,26.1957546,127.7250736
沖縄県,ジョイジャングル　ｉｎ　カデナ,中頭郡嘉手納町兼久３７２　ネーブルカデナ　２階,2,26.352679836666788,127.74394255522543
沖縄県,ジョイジャングル石垣,石垣市真栄里２３９−１８,1,24.337226612287285,124.18070367361064
沖縄県,ＮＡＭＣＯＬＡＮＤ具志川店,うるま市字前原幸崎原３０３番地　イオン具志川ショッピングセンター内　２Ｆ,2,26.338223637708783,127.84424093558198
